[{"_id":{"$oid":"671e6c8def8e20c51d0f0882"},"user_name":"admin","password":{"$binary":{"base64":"JDJiJDEyJGNTdmI4OUxrZ3ZjM2FGWFE1eFlmVGVYd1RvUC5PeEpseHBiLktGcmZZMXRjci5BNTExdld5","subType":"00"}},"admin":true},{"_id":{"$oid":"671d87b5f4fa23207ee99425"},"user_name":"Jenny","password":{"$binary":{"base64":"JDJiJDEyJEFqLjNkZk5yNmRYbmIzVXNMS0lucU9zRC4vZkZHQXJBOWdkOGhLdlFSbkpWeGprYTh0ejFH","subType":"00"}},"admin":false,"reviews":[{"$oid":"671d75afdb41e87c0ce7e6dd"}]},{"_id":{"$oid":"671d87b5f4fa23207ee99426"},"user_name":"Rosemarie","password":{"$binary":{"base64":"JDJiJDEyJDJmb21aTjAuTlF1VGZjd3VVeG1hNWU5Q3BSOWE4WllRSXVtTlFhRU1vcHByU3hIbFVpalk2","subType":"00"}},"admin":false,"reviews":[{"$oid":"671d75afdb41e87c0ce7e6de"}]},{"_id":{"$oid":"671d87b5f4fa23207ee99423"},"user_name":"Greg","password":{"$binary":{"base64":"JDJiJDEyJEpPT3dkY1AzT2toVlZsbTFxVnpaTk8udmM1RDJnZUlKblhPLllqdkJVbGY0VHljNXBmNGY2","subType":"00"}},"admin":false,"reviews":[{"$oid":"671d75afdb41e87c0ce7e6db"}]},{"_id":{"$oid":"671d87b5f4fa23207ee99428"},"user_name":"Eliezer","password":{"$binary":{"base64":"JDJiJDEyJHMwYmNVd0xSQVdmRmJDYU1VcHhyT3VtWVFtYXlxbDc0ZTJSNFgwZFFSblVOaC9KZnFndWFH","subType":"00"}},"admin":false,"reviews":[{"$oid":"671d75afdb41e87c0ce7e6df"}]},{"_id":{"$oid":"671d87b5f4fa23207ee99429"},"user_name":"Maggie","password":{"$binary":{"base64":"JDJiJDEyJGRHVkRVamhWR1d6YVRHb3AuQ3Z0Yk9mZkNpT09YbmZ0MWNiQnV4N0xmbTU3bVVzWWQzbHZ1","subType":"00"}},"admin":false,"reviews":[{"$oid":"671d75afdb41e87c0ce7e6e1"}]},{"_id":{"$oid":"671d87b5f4fa23207ee9942a"},"user_name":"Shannon","password":{"$binary":{"base64":"JDJiJDEyJDBTblNmZjByMXpBTlk2NndINWZNM3V6R0N2QWxNV2xLbm5ZdExiQi9YMU9tN2VtR1lYZExH","subType":"00"}},"admin":false,"reviews":[{"$oid":"671d75afdb41e87c0ce7e6e6"}]},{"_id":{"$oid":"671d87b5f4fa23207ee9942b"},"user_name":"Theresa","password":{"$binary":{"base64":"JDJiJDEyJDgxbUlITnU5amloMlRxVnROd3NHVy5LMS53eUdOVnhyQ2d1ajIuUnR4YVB6NzByUVBZLjl5","subType":"00"}},"admin":false,"reviews":[{"$oid":"671d75afdb41e87c0ce7e6ea"}]},{"_id":{"$oid":"671d87b5f4fa23207ee9942c"},"user_name":"Oren","password":{"$binary":{"base64":"JDJiJDEyJHdlenZ2cC5ZaVA3Y3FHR3pRWTExQ2U1SVIvMXhiN1BnOGpkUnhKc2JJeVY4U2FGLkwvY3Z1","subType":"00"}},"admin":false,"reviews":[{"$oid":"671d75afdb41e87c0ce7e6eb"}]},{"_id":{"$oid":"671d87b5f4fa23207ee99427"},"user_name":"Isabelle","password":{"$binary":{"base64":"JDJiJDEyJFZENG95MWRZNGFGTWhIT1dlV1EzZU8zaHVFdmJSY1hSRUxFWng4Z2M3OS9EZTFsd2ZaWDdl","subType":"00"}},"admin":false,"reviews":[{"$oid":"671d75afdb41e87c0ce7e6e0"}]},{"_id":{"$oid":"671d87b5f4fa23207ee9942d"},"user_name":"Nonya","password":{"$binary":{"base64":"JDJiJDEyJDBzQnM1d2tFamNFQ3dDSUtFc0Z5QWVtbEd6UWVINjlxOEpjcjJJdmlQRkhoWjUzSnBScEZX","subType":"00"}},"admin":false,"reviews":[{"$oid":"671d75afdb41e87c0ce7e6e7"}]},{"_id":{"$oid":"671d87b5f4fa23207ee9942e"},"user_name":"Christian","password":{"$binary":{"base64":"JDJiJDEyJDlLT2FncHVoRXBVU0VZdU1xTVNNRHU0cnJldG9FZ2Z2RW5zbmxPVS9lcGxiQ2JXRkMwWUFx","subType":"00"}},"admin":false,"reviews":[{"$oid":"671d75afdb41e87c0ce7e6e8"}]},{"_id":{"$oid":"671d87b5f4fa23207ee99420"},"user_name":"Weston","password":{"$binary":{"base64":"JDJiJDEyJFdEaExiVjE2a0J2ZUNCOUxDUVJIZnVULjhUTlRFdlRzckVJaGtwTXhzLi5VQ0t6bHBjVHB5","subType":"00"}},"admin":false,"reviews":[{"$oid":"671d75afdb41e87c0ce7e6e4"}]},{"_id":{"$oid":"671d87b5f4fa23207ee9942f"},"user_name":"Barbara","password":{"$binary":{"base64":"JDJiJDEyJGVXbHdBMnBIM0NWNVZLQ0R4cjdFR2Vtb243WTdjUm9XNEcxSUt2L1VFVHJwR1Znc2FhRDIy","subType":"00"}},"admin":false,"reviews":[{"$oid":"671d75afdb41e87c0ce7e6e3"}]},{"_id":{"$oid":"671d87b5f4fa23207ee99433"},"user_name":"Solidea","password":{"$binary":{"base64":"JDJiJDEyJG5waG1Jd0lBTU5WLk4vL3NoRTRMRHVaR2hRam1KOHZqa01mdDNIYW1OdktjY3ZybG5mdmlp","subType":"00"}},"admin":false,"reviews":[{"$oid":"671d75afdb41e87c0ce7e6d7"}]},{"_id":{"$oid":"671d87b5f4fa23207ee99430"},"user_name":"Mary","password":{"$binary":{"base64":"JDJiJDEyJFVlcmJzZUpoYTVjZXJlellaQkFtbGV0NjhkSGMuSHcxQ2o2UXJwbmpzQU9YcXlNTUtGVlRL","subType":"00"}},"admin":false,"reviews":[{"$oid":"671d75afdb41e87c0ce7e6e5"}]},{"_id":{"$oid":"671d87b5f4fa23207ee99434"},"user_name":"Paul","password":{"$binary":{"base64":"JDJiJDEyJGFGRHZ2ZVQ3dG5JYUtxUVlUd0J2Z3VOaWxFRzFZVXJYeUFWR2pyUWJCMTRCbkVxOVp0MnQ2","subType":"00"}},"admin":false,"reviews":[{"$oid":"671d75afdb41e87c0ce7e6f3"}]},{"_id":{"$oid":"671d87b5f4fa23207ee99435"},"user_name":"Katharine","password":{"$binary":{"base64":"JDJiJDEyJFQxcVp1OS95YUNpMVVVSDFoYTIuMmVzQlYxaGI4QWw3eW1ybDVYUWVLTnc3OFJGTDgvNi5l","subType":"00"}},"admin":false,"reviews":[{"$oid":"671d75afdb41e87c0ce7e6ee"}]},{"_id":{"$oid":"671d87b5f4fa23207ee99436"},"user_name":"Margareth","password":{"$binary":{"base64":"JDJiJDEyJENGaGw0aWxBM28uZC9HZWplTWJya3V6c1JDbEcyeHNQSVRXckxtVDY3cDh3WFFjbVRKZ3pP","subType":"00"}},"admin":false,"reviews":[{"$oid":"671d75afdb41e87c0ce7e6f4"}]},{"_id":{"$oid":"671d87b5f4fa23207ee99432"},"user_name":"Linda","password":{"$binary":{"base64":"JDJiJDEyJEJ3aWp4WlJXSWRrUkJzc0tHc3JtNHVtR1AwL0dxbFA1TDRJR3Zhb25vTXBVMzlIcUE1dDh5","subType":"00"}},"admin":false,"reviews":[{"$oid":"671d75afdb41e87c0ce7e6e9"}]},{"_id":{"$oid":"671d87b5f4fa23207ee99437"},"user_name":"Anastasia","password":{"$binary":{"base64":"JDJiJDEyJDVlN1h3TTBDblY4WTVvRmtjeG1PZHU5ZC9ERzdJcUk1bmtxL1Q4WnN1V0IyQ2t4WnVSQkVh","subType":"00"}},"admin":false,"reviews":[{"$oid":"671d75afdb41e87c0ce7e6f1"}]},{"_id":{"$oid":"671d87b5f4fa23207ee99438"},"user_name":"Patricia","password":{"$binary":{"base64":"JDJiJDEyJHd5WXlBUWdkam5FQkUxV1hTVjdWRS5HV3VXMDd1YnJrcUE2dkZVLmU5SnlIQ0ZEbldjNHph","subType":"00"}},"admin":false,"reviews":[{"$oid":"671d75afdb41e87c0ce7e6ec"}]},{"_id":{"$oid":"671d87b5f4fa23207ee99439"},"user_name":"Yvonne","password":{"$binary":{"base64":"JDJiJDEyJEJ2MFM4dDEybklCbTdGUW92M1dzMmVzdlV2Wjl2RW1rdENaTHRId0VsNS95ajk1UC82cU5p","subType":"00"}},"admin":false,"reviews":[{"$oid":"671d75afdb41e87c0ce7e6f0"}]},{"_id":{"$oid":"671d87b5f4fa23207ee9943a"},"user_name":"Quinn","password":{"$binary":{"base64":"JDJiJDEyJHQzN0VQcjdlazRwa25mNTRMdzVmd09pTnZDZTlia3JENi54VTdaRmFWMVVhNzRWQXRtQUpx","subType":"00"}},"admin":false,"reviews":[{"$oid":"671d75afdb41e87c0ce7e6f6"}]},{"_id":{"$oid":"671d87b5f4fa23207ee9943b"},"user_name":"Michael And Gail","password":{"$binary":{"base64":"JDJiJDEyJGVxWlhadVFtd1lCbjloR0xMOGQ3Zi5rMjl2b25IUmdyTTI0NUhaUXFWZHV1b1VyVzZnMUxL","subType":"00"}},"admin":false,"reviews":[{"$oid":"671d75afdb41e87c0ce7e6ef"}]},{"_id":{"$oid":"671d87b5f4fa23207ee9943c"},"user_name":"Lena","password":{"$binary":{"base64":"JDJiJDEyJHEudnhxRkRCV2FEb2M0dGhmYnRuNmVQMWhhTm0zZW14Wmx0OEV1MEczYy45cVIvaW5sTWN5","subType":"00"}},"admin":false,"reviews":[{"$oid":"671d75afdb41e87c0ce7e6f2"}]},{"_id":{"$oid":"671d87b5f4fa23207ee9943d"},"user_name":"Katelyn","password":{"$binary":{"base64":"JDJiJDEyJGVISDVUc3NRblpFSW5MN0RWWHhjYWV1RVc1TmNRYjZIZVQxcUM3bjlNdnFsRUN1bTA2ZjdH","subType":"00"}},"admin":false,"reviews":[{"$oid":"671d75afdb41e87c0ce7e6d9"}]},{"_id":{"$oid":"671d87b5f4fa23207ee9943e"},"user_name":"Emilia","password":{"$binary":{"base64":"JDJiJDEyJGJyVGhrTjh5Znd1UHJUUW12V1VGMC44dUpzanBna3ZjaUF0WjZMeURpaHF3eWQ0QW5FSzQu","subType":"00"}},"admin":false,"reviews":[{"$oid":"671d75afdb41e87c0ce7e6f5"}]},{"_id":{"$oid":"671d87b5f4fa23207ee9943f"},"user_name":"Christos","password":{"$binary":{"base64":"JDJiJDEyJG0vakpXT2xIVU15Mnk5bGEwbG9Yd09lejVQWUNINVBuUWFYMjZ3VjZHaDkzekxiZnhWV3Rp","subType":"00"}},"admin":false,"reviews":[{"$oid":"671d75afdb41e87c0ce7e700"}]},{"_id":{"$oid":"671d87b5f4fa23207ee99431"},"user_name":"Cryn","password":{"$binary":{"base64":"JDJiJDEyJHc2LktNU1pFcDFtdk9HNk45c0VJLmUyb0ljWWl6SHlkVW1obm5YbWJSWTNINzZYUjVPcjc2","subType":"00"}},"admin":false,"reviews":[{"$oid":"671d75afdb41e87c0ce7e6ed"}]},{"_id":{"$oid":"671d87b5f4fa23207ee99443"},"user_name":"Jean","password":{"$binary":{"base64":"JDJiJDEyJHYzTlBvWnU1cWNoL1Q5VE9jc2thbHVBeWpEUzY4OFlPSWdGUGwzS0JHY1VlalpITTVBTEUy","subType":"00"}},"admin":false,"reviews":[{"$oid":"671d75afdb41e87c0ce7e6fa"}]},{"_id":{"$oid":"671d87b5f4fa23207ee99444"},"user_name":"Diane","password":{"$binary":{"base64":"JDJiJDEyJHJqY042WFNQdWkyd3pMWkxYaEtHMi5rR1lWZkJmTktwM0JjWUlxNEh4bmxEeHBwclRWUGxT","subType":"00"}},"admin":false,"reviews":[{"$oid":"671d75afdb41e87c0ce7e6fb"}]},{"_id":{"$oid":"671d87b5f4fa23207ee99440"},"user_name":"Margaret","password":{"$binary":{"base64":"JDJiJDEyJFRRMXBHSmF6NE5HTFI0SExwSllOb2VSOUJOR2lvTml3OWY4ZWhFd1BXRTlGb2phOS5BSDJx","subType":"00"}},"admin":false,"reviews":[{"$oid":"671d75afdb41e87c0ce7e706"}]},{"_id":{"$oid":"671d87b5f4fa23207ee99445"},"user_name":"Alissa","password":{"$binary":{"base64":"JDJiJDEyJEw1cUg0ZGxJLmFrVGJZNmxnZkdiTS5qL3lmRUVFd05HU0pjSUtMV28yS0FqQzgxWDdPcW5p","subType":"00"}},"admin":false,"reviews":[{"$oid":"671d75afdb41e87c0ce7e6fc"}]},{"_id":{"$oid":"671d87b5f4fa23207ee99447"},"user_name":"Andrea","password":{"$binary":{"base64":"JDJiJDEyJHA1TG93TkdpbkZvWWtyYkdZUjlmWS5QVXRTRWZUR3FoZHpkYUZtbHZwR2hBZk1iRkJEcW9l","subType":"00"}},"admin":false,"reviews":[{"$oid":"671d75afdb41e87c0ce7e6ff"}]},{"_id":{"$oid":"671d87b5f4fa23207ee99448"},"user_name":"Cj","password":{"$binary":{"base64":"JDJiJDEyJDZJUjMuUi52cnhlMjkuLmxheFN2Li4vTGVpZXFVdS92TFVMWWpGT3hZb2R3TGFCdlliQ1Jt","subType":"00"}},"admin":false,"reviews":[{"$oid":"671d75afdb41e87c0ce7e705"}]},{"_id":{"$oid":"671d87b5f4fa23207ee99446"},"user_name":"Claire","password":{"$binary":{"base64":"JDJiJDEyJE5rNHo4STBYUTlxTFNwQTV6aGNqWi5ST3owNWlucS8xWWNhUmJEcHc5dDQ2UDJnZi5idzRX","subType":"00"}},"admin":false,"reviews":[{"$oid":"671d75afdb41e87c0ce7e6fd"}]},{"_id":{"$oid":"671d87b5f4fa23207ee99449"},"user_name":"Kathy","password":{"$binary":{"base64":"JDJiJDEyJG5YNzZXdkxxeEsyV0N0OWhIWXFSeU9KRU9GTUtHRklHeU81bEpPWlZPdmFOUnYvcmE3LnQy","subType":"00"}},"admin":false,"reviews":[{"$oid":"671d75afdb41e87c0ce7e701"}]},{"_id":{"$oid":"671d87b5f4fa23207ee9944a"},"user_name":"Daniel","password":{"$binary":{"base64":"JDJiJDEyJFRlczVuOGlDbVpiVkVXcDBlQnVac09XbmlJT1JUSGwwdzVZWmpobmZuamZFcjJhSXJWVGEu","subType":"00"}},"admin":false,"reviews":[{"$oid":"671d75afdb41e87c0ce7e704"}]},{"_id":{"$oid":"671d87b5f4fa23207ee9944b"},"user_name":"Rachael","password":{"$binary":{"base64":"JDJiJDEyJFA0cTlTZGduTjNtbjVuMTlwbENvZC50T2xOQWhockpwNjYwazBnU2xSeGxaVHZObmNqeEtT","subType":"00"}},"admin":false,"reviews":[{"$oid":"671d75afdb41e87c0ce7e709"}]},{"_id":{"$oid":"671d87b5f4fa23207ee99442"},"user_name":"Rebecca","password":{"$binary":{"base64":"JDJiJDEyJFlzZlp0QjNvWTluUTBTaS90MFFiRHVVcTV4eXU0aVpzaFpKUnYvcWEyRnU2cWFEdzl3eWF5","subType":"00"}},"admin":false,"reviews":[{"$oid":"671d75afdb41e87c0ce7e702"}]},{"_id":{"$oid":"671d87b5f4fa23207ee9944d"},"user_name":"Rebecca","password":{"$binary":{"base64":"JDJiJDEyJEVmclJRRDg1RFdqTGtGR1BUaGJFWnV1cEV0MlJsRTBqSjhHM2xLSGpmbEl6VkZYUjEzbjNl","subType":"00"}},"admin":false,"reviews":[{"$oid":"671d75afdb41e87c0ce7e70e"}]},{"_id":{"$oid":"671d87b5f4fa23207ee9944c"},"user_name":"Maria","password":{"$binary":{"base64":"JDJiJDEyJHA2R01ZblRydDBhb0h0S2pobi5aek85OUxkTkYvVVpqVWlJaDV4a2tlNzg3Q3ZLcHdWdEV1","subType":"00"}},"admin":false,"reviews":[{"$oid":"671d75afdb41e87c0ce7e707"}]},{"_id":{"$oid":"671d87b5f4fa23207ee9944e"},"user_name":"Janice","password":{"$binary":{"base64":"JDJiJDEyJGtKQXRjSEVua3k0eDV3TUIyVXNNTmVxN1R4RTNlLk90YzdGUVAyYWx2WEZYMXZwRC9ndUh1","subType":"00"}},"admin":false,"reviews":[{"$oid":"671d75afdb41e87c0ce7e70b"}]},{"_id":{"$oid":"671d87b5f4fa23207ee9944f"},"user_name":"Catherine","password":{"$binary":{"base64":"JDJiJDEyJFBWTHJLdGFlSWIuaDZLeFVPYzJtbi5SS0pKOE14bkx3MFZQUWZ3alZsZkZ6MzB6YzdYREgy","subType":"00"}},"admin":false,"reviews":[{"$oid":"671d75afdb41e87c0ce7e6f8"}]},{"_id":{"$oid":"671d87b5f4fa23207ee99450"},"user_name":"Nicolas","password":{"$binary":{"base64":"JDJiJDEyJEQ0Ljg3S1gvMWxET1NYTlBjMVVHYmV0S1JLQjJmR1VSRlNBTGhMc3EyQ3VoZWhIRGhhS2p5","subType":"00"}},"admin":false,"reviews":[{"$oid":"671d75afdb41e87c0ce7e70d"}]},{"_id":{"$oid":"671d87b5f4fa23207ee99451"},"user_name":"Susan","password":{"$binary":{"base64":"JDJiJDEyJHkxY2J1N09oN1M1blRjakVPNWtXTy5QY1BIZ0F0NDVlelJhVFZ3ajhDc0hlaS55Y2V2dHFH","subType":"00"}},"admin":false,"reviews":[{"$oid":"671d75afdb41e87c0ce7e70c"}]},{"_id":{"$oid":"671d87b5f4fa23207ee99452"},"user_name":"Eric","password":{"$binary":{"base64":"JDJiJDEyJEw1R3JlZ3FTTU9MYnFjSmlEdFUvOGVYZ2U3UWhUY0NxOENYTTlocGRNek9FS05jNkM2aGJ1","subType":"00"}},"admin":false,"reviews":[{"$oid":"671d75afdb41e87c0ce7e6fe"}]},{"_id":{"$oid":"671d87b5f4fa23207ee99453"},"user_name":"Elena","password":{"$binary":{"base64":"JDJiJDEyJE5GNGk3OWZ5aTJtNVNmeTI3R1pXYXVzWUx6cmloM2UuM0dpYnBnMWNvYUVyRXk1QVUybmNt","subType":"00"}},"admin":false,"reviews":[{"$oid":"671d75afdb41e87c0ce7e708"}]},{"_id":{"$oid":"671d87b5f4fa23207ee99441"},"user_name":"Katinka","password":{"$binary":{"base64":"JDJiJDEyJHZjRUh3aUZrdVpBcHdhY1lEWXMxZU9mMkt0UWptd3JrTkowOG9ZZ0FzTUlOWHdTNEtiT1ND","subType":"00"}},"admin":false,"reviews":[{"$oid":"671d75afdb41e87c0ce7e70f"}]},{"_id":{"$oid":"671d87b5f4fa23207ee99422"},"user_name":"Ofra","password":{"$binary":{"base64":"JDJiJDEyJENhdlFxOEVvZFYva2Z4d3ZpZWx4Uy55QVExcjJsVzJ1Znl1cVpjTUc1cDlIMkVMMXc0b1Yu","subType":"00"}},"admin":false,"reviews":[{"$oid":"671d75afdb41e87c0ce7e6da"}]},{"_id":{"$oid":"671d87b5f4fa23207ee99454"},"user_name":"Jeffrey","password":{"$binary":{"base64":"JDJiJDEyJGRRSmZrbFVSbHBld05DeEtsL2ZoemVOcVBrOExSWWJwTWFHbWhVRW1aOWZ3SE9MU2FrSjYy","subType":"00"}},"admin":false,"reviews":[{"$oid":"671d75afdb41e87c0ce7e70a"}]},{"_id":{"$oid":"671d87b5f4fa23207ee99424"},"user_name":"Anja","password":{"$binary":{"base64":"JDJiJDEyJGdYaUlYSktYM0lQNmQ0bEFEamlBNHVLbk1LZmU1ekVnY2RVc3hzRlN1UkJuUVdNbFk1T2Uy","subType":"00"}},"admin":false,"reviews":[{"$oid":"671d75afdb41e87c0ce7e6dc"}]},{"_id":{"$oid":"671d87b5f4fa23207ee99421"},"user_name":"Lori","password":{"$binary":{"base64":"JDJiJDEyJEw4R3gxdWxCWEhzS1R3OVVkV1RXTS5BNG1JdXFwMS9tY0c5QlZiT0w3MDhMOXRFYS5jZWRp","subType":"00"}},"admin":false,"reviews":[{"$oid":"671d75afdb41e87c0ce7e837"},{"$oid":"671d75afdb41e87c0ce7e6d8"}]},{"_id":{"$oid":"671d87b5f4fa23207ee9941f"},"user_name":"Michael And Isabelle","password":{"$binary":{"base64":"JDJiJDEyJGNTdmI4OUxrZ3ZjM2FGWFE1eFlmVGVYd1RvUC5PeEpseHBiLktGcmZZMXRjci5BNTExdld5","subType":"00"}},"admin":false,"reviews":[{"$oid":"671d75afdb41e87c0ce7e6e2"}]},{"_id":{"$oid":"671d87b5f4fa23207ee99455"},"user_name":"Yannah","password":{"$binary":{"base64":"JDJiJDEyJFN3OUs3bXo5T3p6RkxuZjFKTTUxcWViMHUwYTlQOTFjbFNrYVJhbnlkcVAzYnRhYmxzcjBL","subType":"00"}},"admin":false,"reviews":[{"$oid":"671d75afdb41e87c0ce7e703"}]},{"_id":{"$oid":"671d87b5f4fa23207ee99457"},"user_name":"Thomas","password":{"$binary":{"base64":"JDJiJDEyJHdpQlpsRFRHQ0dPb1V0cTljVG1TWHUwc09uRU5TL0FIZnFld3UydXFiQ3RCem00R2c0a1Iy","subType":"00"}},"admin":false,"reviews":[{"$oid":"671d75afdb41e87c0ce7e710"}]},{"_id":{"$oid":"671d87b5f4fa23207ee99456"},"user_name":"Gregory","password":{"$binary":{"base64":"JDJiJDEyJG9ZbXRsSWQzc1dPSURaemVVak1lNE82MGRCRlVkZUVoZXdIWmtkc29HVFBybERCVHYuRFky","subType":"00"}},"admin":false,"reviews":[{"$oid":"671d75afdb41e87c0ce7e6f7"}]},{"_id":{"$oid":"671d87b5f4fa23207ee9945f"},"user_name":"Claire","password":{"$binary":{"base64":"JDJiJDEyJEw4RjhINWcvVXlLUklSSDNkM0lrWnU1cjlBV2M3Z0V1RjluOURxU3VpUjF0RzkvT3g4b2VT","subType":"00"}},"admin":false,"reviews":[{"$oid":"671d75afdb41e87c0ce7e724"}]},{"_id":{"$oid":"671d87b5f4fa23207ee99460"},"user_name":"Jeffrey","password":{"$binary":{"base64":"JDJiJDEyJGxnTXltcTM0YjJtY1ptbTRpNlVjNU9xMnFmQ2IzQUNPbWE5SzlzY1ozS3N5VWJrekRNRVM2","subType":"00"}},"admin":false,"reviews":[{"$oid":"671d75afdb41e87c0ce7e6f9"}]},{"_id":{"$oid":"671d87b5f4fa23207ee99461"},"user_name":"Tzvi","password":{"$binary":{"base64":"JDJiJDEyJEdnd3FJdXFEc0xIbUVpLmtPaWJicU9BVFNiMU9TemplY1J0UC90d0R1ZHJRN0RPZ3hFTlRp","subType":"00"}},"admin":false,"reviews":[{"$oid":"671d75afdb41e87c0ce7e712"}]},{"_id":{"$oid":"671d87b5f4fa23207ee9945e"},"user_name":"Emmanuelle","password":{"$binary":{"base64":"JDJiJDEyJDk1ZVdYZFVoUGxoazNuYWkuemgvemVnYS55MkZXMEIwMXc0bC9GbWpBTlJTNmZmZnpCbU1x","subType":"00"}},"admin":false,"reviews":[{"$oid":"671d75afdb41e87c0ce7e718"}]},{"_id":{"$oid":"671d87b5f4fa23207ee99462"},"user_name":"Vaibhav","password":{"$binary":{"base64":"JDJiJDEyJE9uQ2xhSkFRcEkxQjFMWnNHY09xR09XYWdDbGtXZU4za1FWWVZjWmgxWFNBcnFGTkRzZ2pt","subType":"00"}},"admin":false,"reviews":[{"$oid":"671d75afdb41e87c0ce7e714"}]},{"_id":{"$oid":"671d87b5f4fa23207ee99463"},"user_name":"Stephan","password":{"$binary":{"base64":"JDJiJDEyJFBrL1VqYVZTQng2VURBUWdrTXVteGVHL3Q3eUhvS0hDV2RjT3pBV2x5d2xOMmFtRlQuZFdt","subType":"00"}},"admin":false,"reviews":[{"$oid":"671d75afdb41e87c0ce7e713"}]},{"_id":{"$oid":"671d87b5f4fa23207ee99464"},"user_name":"Elke","password":{"$binary":{"base64":"JDJiJDEyJG05ZXlBODZ2V21aVWFwUGZZb2ZxcU8vTTJxS3NUYUdGODAubzRZZkNDeHNJcS8uRXlsakVP","subType":"00"}},"admin":false,"reviews":[{"$oid":"671d75afdb41e87c0ce7e71d"}]},{"_id":{"$oid":"671d87b5f4fa23207ee99465"},"user_name":"Katie","password":{"$binary":{"base64":"JDJiJDEyJE5nZUE5aEprOEx2NEV6dDNIVTVlYXVWZEhVa09SWExQbm9NckVvczU4S0xBMUl2YmMxWVJl","subType":"00"}},"admin":false,"reviews":[{"$oid":"671d75afdb41e87c0ce7e71e"}]},{"_id":{"$oid":"671d87b5f4fa23207ee99466"},"user_name":"Astrid","password":{"$binary":{"base64":"JDJiJDEyJHRUa2ZmYy50SnQvejI5MEhmT0lBRU9jd2d2dFYxM3VhUjJJTHIvWVdQUXV3ZHRVc3JwZjd1","subType":"00"}},"admin":false,"reviews":[{"$oid":"671d75afdb41e87c0ce7e71c"}]},{"_id":{"$oid":"671d87b5f4fa23207ee99467"},"user_name":"Mackenzie","password":{"$binary":{"base64":"JDJiJDEyJENVOFpyc1VCYWZoNlFkTUg0UEVFTU9zNTREeWpwa0JwTURsdnZXc1lnR3JQcFA0OFVTdUJH","subType":"00"}},"admin":false,"reviews":[{"$oid":"671d75afdb41e87c0ce7e71f"}]},{"_id":{"$oid":"671d87b5f4fa23207ee99468"},"user_name":"Jennifer","password":{"$binary":{"base64":"JDJiJDEyJHlQRmhMMWhKT0hUUmJ1UFEwTEE0UWV6aUJtM0JVRnNxMER0eHAxZkRGOHNySjBiTTNxbnZT","subType":"00"}},"admin":false,"reviews":[{"$oid":"671d75afdb41e87c0ce7e721"}]},{"_id":{"$oid":"671d87b5f4fa23207ee99469"},"user_name":"Eileen","password":{"$binary":{"base64":"JDJiJDEyJHhXUVRWMGN2cVZnMHpWVWJ3VEtwdHVTZTZiOGFKTHdMaFhhRS5YTnZGOVJBbjlxU0M5Zkx1","subType":"00"}},"admin":false,"reviews":[{"$oid":"671d75afdb41e87c0ce7e720"}]},{"_id":{"$oid":"671d87b5f4fa23207ee9946a"},"user_name":"Vincent","password":{"$binary":{"base64":"JDJiJDEyJEZyVlVSUi9QTHIvSjBCbUxnVFBLb09xQkdTck1UamRHOHl1dkxPTzVNQVk2OEhUQmZ3cUZp","subType":"00"}},"admin":false,"reviews":[{"$oid":"671d75afdb41e87c0ce7e728"}]},{"_id":{"$oid":"671d87b5f4fa23207ee99458"},"user_name":"Helen","password":{"$binary":{"base64":"JDJiJDEyJFRhOXpRVXpoZ05PLmxiVGNWdGxja2UxR3lZY1ZySlBuSVhhVW1vM0hRbW03RHR6UjRqNmFT","subType":"00"}},"admin":false,"reviews":[{"$oid":"671d75afdb41e87c0ce7e725"}]},{"_id":{"$oid":"671d87b5f4fa23207ee99459"},"user_name":"Adrian","password":{"$binary":{"base64":"JDJiJDEyJFVWOWUzcWNXakdnVkRzVmVNaGxaeHU4aG5haXNDcDhOeUJyZlp6Wi9MMG16L2U0Sjc3Qlp5","subType":"00"}},"admin":false,"reviews":[{"$oid":"671d75afdb41e87c0ce7e727"}]},{"_id":{"$oid":"671d87b5f4fa23207ee9946e"},"user_name":"Sunny","password":{"$binary":{"base64":"JDJiJDEyJEU5bHV1SkNSeDNNSkJQLmdYTHRpay4zcmZXTTdzREZwN1h2cUNjcnB1SWVnc0gvY2xUSDg2","subType":"00"}},"admin":false,"reviews":[{"$oid":"671d75afdb41e87c0ce7e715"}]},{"_id":{"$oid":"671d87b5f4fa23207ee9946f"},"user_name":"Gwendoline","password":{"$binary":{"base64":"JDJiJDEyJG9YQUFDcXZHLmhncnB6ZE9Tb0h0UWV0MGo3ekRoeGZnWld4U1FNcUtzWDJsZnN1RmhvaUQ2","subType":"00"}},"admin":false,"reviews":[{"$oid":"671d75afdb41e87c0ce7e716"}]},{"_id":{"$oid":"671d87b5f4fa23207ee9945a"},"user_name":"Hilde","password":{"$binary":{"base64":"JDJiJDEyJEtGTUpLdnlVTDFROW1pczJwYzBHai5yNlJtZGZubXRpa20xeUVXZVJ0MnBCNHhMaTVsRlBt","subType":"00"}},"admin":false,"reviews":[{"$oid":"671d75afdb41e87c0ce7e711"}]},{"_id":{"$oid":"671d87b5f4fa23207ee9946d"},"user_name":"Isaac","password":{"$binary":{"base64":"JDJiJDEyJHBGWWZvTEZkMnVJSjN2ZERWZFcxMk9KYjRmbUNDSGN2eTFqeXN2L3VnZHRkbTJYRUhId2pl","subType":"00"}},"admin":false,"reviews":[{"$oid":"671d75afdb41e87c0ce7e72b"}]},{"_id":{"$oid":"671d87b5f4fa23207ee9945b"},"user_name":"Matthias","password":{"$binary":{"base64":"JDJiJDEyJHJmWjUxMy5ENmptVHAuMmZaZW5mdy40NXpESWtRNEtvTjZSR3diMUdqcUt0RXlGbkwvN1dH","subType":"00"}},"admin":false,"reviews":[{"$oid":"671d75afdb41e87c0ce7e722"}]},{"_id":{"$oid":"671d87b5f4fa23207ee99470"},"user_name":"Aloïs","password":{"$binary":{"base64":"JDJiJDEyJGdTV1ljSUcySzlKaXVQaC56Mk5aaU81OXJUeHIuU3FaZWp4czhjVGsxVEFoQXhnREJjSXlL","subType":"00"}},"admin":false,"reviews":[{"$oid":"671d75afdb41e87c0ce7e717"}]},{"_id":{"$oid":"671d87b5f4fa23207ee99471"},"user_name":"Cinthya","password":{"$binary":{"base64":"JDJiJDEyJE1reXl2RlExa0prVHlTbDZodFpTVS5maU1xNmNvTkpOVHd1TEJ4Z05ZWmlHdFhWUFZWTUNX","subType":"00"}},"admin":false,"reviews":[{"$oid":"671d75afdb41e87c0ce7e71b"}]},{"_id":{"$oid":"671d87b5f4fa23207ee99472"},"user_name":"Christine","password":{"$binary":{"base64":"JDJiJDEyJEZFcmJMVjd1WGJieEd1RGFFRjVENU9Ra2FsN1ZJM3V6ajYxQmVxb015ZWh0T3RLVFMyL0Nx","subType":"00"}},"admin":false,"reviews":[{"$oid":"671d75afdb41e87c0ce7e719"}]},{"_id":{"$oid":"671d87b5f4fa23207ee99473"},"user_name":"Mary","password":{"$binary":{"base64":"JDJiJDEyJDUwSVBvcnFXeW9YQnZIdEt0ZlFJLy5NNEpCdkZkZzVrZzRxUWRwSDZ5Rm5tY1NjTjJ4b2R1","subType":"00"}},"admin":false,"reviews":[{"$oid":"671d75afdb41e87c0ce7e72c"}]},{"_id":{"$oid":"671d87b5f4fa23207ee99474"},"user_name":"Catherine","password":{"$binary":{"base64":"JDJiJDEyJEZ1T0NNRjJUNzZ1VkpmNTRXbk9MLy5DTHczcG9SRjhsWmIzcjBQU25XR2pJT0EvamNjOFIy","subType":"00"}},"admin":false,"reviews":[{"$oid":"671d75afdb41e87c0ce7e72d"}]},{"_id":{"$oid":"671d87b5f4fa23207ee99475"},"user_name":"Marie-Jo","password":{"$binary":{"base64":"JDJiJDEyJGdqNHVET2djQ05VZVNmeTRpNjhDNnVRL3lXZ1FHelZmeUpPWHJTVzIzclRNYzFPRjM1bXFx","subType":"00"}},"admin":false,"reviews":[{"$oid":"671d75afdb41e87c0ce7e73d"}]},{"_id":{"$oid":"671d87b5f4fa23207ee99476"},"user_name":"Wagner","password":{"$binary":{"base64":"JDJiJDEyJHJZQk1yZWlTcXJHM3JudGxrMkFobmVQdlMxNVBnVW1Fd2lRdno0OHoyQk9hUlhjZFAvNkw2","subType":"00"}},"admin":false,"reviews":[{"$oid":"671d75afdb41e87c0ce7e741"}]},{"_id":{"$oid":"671d87b5f4fa23207ee99477"},"user_name":"Aadhishvarun Uday","password":{"$binary":{"base64":"JDJiJDEyJGRFdWVmL3RRZU40cklMZ29veHdLY2V0TEhDY2tVcklIRk5YVmViaE9CeFdBZDdsQjVSSTQ2","subType":"00"}},"admin":false,"reviews":[{"$oid":"671d75afdb41e87c0ce7e71a"}]},{"_id":{"$oid":"671d87b5f4fa23207ee99478"},"user_name":"Rebecca","password":{"$binary":{"base64":"JDJiJDEyJEFaM1Y5R1M5N1AzSmxmWDN4L0xFcXVDcDUxN3I0WEMubUhuc29pNVVYUnZQVi4yVTFqMnVh","subType":"00"}},"admin":false,"reviews":[{"$oid":"671d75afdb41e87c0ce7e733"}]},{"_id":{"$oid":"671d87b5f4fa23207ee9946b"},"user_name":"Naomi","password":{"$binary":{"base64":"JDJiJDEyJHhnUDRYZWpIcVpZci5DSC9VL3gvOGVQcTJuVElvNS9zajJiMnd0REV1NmsxaWpRb3cydnRT","subType":"00"}},"admin":false,"reviews":[{"$oid":"671d75afdb41e87c0ce7e729"}]},{"_id":{"$oid":"671d87b5f4fa23207ee9946c"},"user_name":"Mathias","password":{"$binary":{"base64":"JDJiJDEyJHh2d0RaNjdNeUJrcFFBMDFoVWRTLy5ZRWJmWjR6VnFldTJwQkZOQS9HMlc5RUlCL2F3YmlT","subType":"00"}},"admin":false,"reviews":[{"$oid":"671d75afdb41e87c0ce7e72a"}]},{"_id":{"$oid":"671d87b5f4fa23207ee9945c"},"user_name":"Fanni","password":{"$binary":{"base64":"JDJiJDEyJGxrL1c4anpvT1BwU0duQ3dYYnR3YS5EczZ2cHhXZ2w1VmVKbUtzcjhIdllsRmUuQTkvVEd1","subType":"00"}},"admin":false,"reviews":[{"$oid":"671d75afdb41e87c0ce7e723"}]},{"_id":{"$oid":"671d87b5f4fa23207ee9945d"},"user_name":"Giulia","password":{"$binary":{"base64":"JDJiJDEyJDZ2VXlMMjJCdy9wbFZJQ2g4OU9ySk9kQXU5Vy4zazRKWjM3LkdHa29TdmdReXFWNGUvcmJT","subType":"00"}},"admin":false,"reviews":[{"$oid":"671d75afdb41e87c0ce7e726"}]},{"_id":{"$oid":"671d87b5f4fa23207ee9947b"},"user_name":"Gary","password":{"$binary":{"base64":"JDJiJDEyJFRyM1A4OW9xc3plVFBSbmovVXJpUHVUcDIycndCT1dNSFoxYjA2Z0VodlB0NzNmVzdKMkRH","subType":"00"}},"admin":false,"reviews":[{"$oid":"671d75afdb41e87c0ce7e736"}]},{"_id":{"$oid":"671d87b5f4fa23207ee99479"},"user_name":"Sharon","password":{"$binary":{"base64":"JDJiJDEyJHNqM2I0ejBnT2VwcmtobWZVQWJIMGViY0RzeVIwOFoxVzZNcjdLL1BXSFQ0REtjNWY2bWgy","subType":"00"}},"admin":false,"reviews":[{"$oid":"671d75afdb41e87c0ce7e72e"}]},{"_id":{"$oid":"671d87b5f4fa23207ee9947a"},"user_name":"Marissa","password":{"$binary":{"base64":"JDJiJDEyJGpabWlXVkQ3M2RlRGRISkdPeko2UU9USDVEWWZ2blFjYzV1QkFic0UvS2F5MXNZUUFsdjdX","subType":"00"}},"admin":false,"reviews":[{"$oid":"671d75afdb41e87c0ce7e73f"}]},{"_id":{"$oid":"671d87b5f4fa23207ee9947e"},"user_name":"Rafa","password":{"$binary":{"base64":"JDJiJDEyJGxYTkVZUGljREsyNThBOTA3Mk92Ri5kYmEuV0wwLkZyN1h6V0lkNVdUZkowR290SkgwaW42","subType":"00"}},"admin":false,"reviews":[{"$oid":"671d75afdb41e87c0ce7e72f"}]},{"_id":{"$oid":"671d87b5f4fa23207ee9947c"},"user_name":"Mark","password":{"$binary":{"base64":"JDJiJDEyJEZEVENpbm5HZFFKSjlVQjZBRDlXRE83eU93L0xSMGdwWVRBMjBUM2YxdkEzS3J2bVBLemMy","subType":"00"}},"admin":false,"reviews":[{"$oid":"671d75afdb41e87c0ce7e73e"}]},{"_id":{"$oid":"671d87b5f4fa23207ee9947d"},"user_name":"Jocelyne","password":{"$binary":{"base64":"JDJiJDEyJFhZSmk3T2ZpeVg3Q0N0bENyQVNKLmUzNXcxc1JPR3BXTTZ0bXNmLkpNWVRnb0hadFAuZ2J5","subType":"00"}},"admin":false,"reviews":[{"$oid":"671d75afdb41e87c0ce7e743"}]},{"_id":{"$oid":"671d87b5f4fa23207ee99480"},"user_name":"Fabio","password":{"$binary":{"base64":"JDJiJDEyJDRMRXVHbTdFQ205OHJPRFNpV0FKbnU5c0pXTWdJalRJSjFTd1c2eTAvU2pzZHRPN2gwdDdh","subType":"00"}},"admin":false,"reviews":[{"$oid":"671d75afdb41e87c0ce7e731"}]},{"_id":{"$oid":"671d87b5f4fa23207ee99487"},"user_name":"Bonnie","password":{"$binary":{"base64":"JDJiJDEyJHY5VXcuWHZSNUxMN3B1NEx6QUFVU3VmWDIyMGFMa1V0T3RlY0RkNXpNY0pMZTMxUEtTdGx1","subType":"00"}},"admin":false,"reviews":[{"$oid":"671d75afdb41e87c0ce7e759"}]},{"_id":{"$oid":"671d87b5f4fa23207ee99481"},"user_name":"Zoe","password":{"$binary":{"base64":"JDJiJDEyJEd3Y2swc3RFbDFIRjFQM2hpM0ljMU9RdFVzUm9XN3o5QWlLRHk0RVF1Ulo1d3JZRjF1S3Rh","subType":"00"}},"admin":false,"reviews":[{"$oid":"671d75afdb41e87c0ce7e732"}]},{"_id":{"$oid":"671d87b5f4fa23207ee99488"},"user_name":"Pauline","password":{"$binary":{"base64":"JDJiJDEyJDAuTUNlNzNEaDdCWC9zS2lEQ3I0Ti41THFJdnZjRmh2TlFRSnUwbzdiZkZaRElZVU5HQ05H","subType":"00"}},"admin":false,"reviews":[{"$oid":"671d75afdb41e87c0ce7e745"}]},{"_id":{"$oid":"671d87b5f4fa23207ee99489"},"user_name":"Britta","password":{"$binary":{"base64":"JDJiJDEyJHVVWVAyVzQwTUNZd3BkeU9vVWVXOS5lbm4vQWFHTVJ1R0lELkk1NUpCVEFFVUh5QVhTVXR5","subType":"00"}},"admin":false,"reviews":[{"$oid":"671d75afdb41e87c0ce7e753"}]},{"_id":{"$oid":"671d87b5f4fa23207ee9948a"},"user_name":"Elizabeth","password":{"$binary":{"base64":"JDJiJDEyJDdGbmdHLjdvZ3ZpcVZxdlgxdlBhOWUzOGpzanQzQ2M4WDVDMFF0R3E4ZDRJd0JkUkVSdkJh","subType":"00"}},"admin":false,"reviews":[{"$oid":"671d75afdb41e87c0ce7e758"}]},{"_id":{"$oid":"671d87b5f4fa23207ee9948b"},"user_name":"Jim","password":{"$binary":{"base64":"JDJiJDEyJDRKWnlud0c4ZEEzNEE4SlNvUmd3Qi5QY1lJTkMvY21ZUFQwa2tsLm42aGQzVVN1SThhbFRT","subType":"00"}},"admin":false,"reviews":[{"$oid":"671d75afdb41e87c0ce7e757"}]},{"_id":{"$oid":"671d87b5f4fa23207ee9948c"},"user_name":"Mina","password":{"$binary":{"base64":"JDJiJDEyJDk0MTNBeEk5alFRNDFnSm05QVFwcS5NT0JMTHNDVVd3dkpCbUloaUs0TXlBOGZiMVNTaUU2","subType":"00"}},"admin":false,"reviews":[{"$oid":"671d75afdb41e87c0ce7e740"}]},{"_id":{"$oid":"671d87b5f4fa23207ee9947f"},"user_name":"Donald","password":{"$binary":{"base64":"JDJiJDEyJGdmbzBsdXFScU5sdG1OckZiMDlJNGVlQVFkd0Z5d2xjVUxiNjgyc1ZFODlRbWFiMVFtZG0u","subType":"00"}},"admin":false,"reviews":[{"$oid":"671d75afdb41e87c0ce7e730"}]},{"_id":{"$oid":"671d87b5f4fa23207ee99483"},"user_name":"George","password":{"$binary":{"base64":"JDJiJDEyJFkuTDZ3UUU1b2cwVnVvQW9ZbmcvdC40NWREcFkvLjl0Mlh0ekFmRkN6eGhDOGRFeVI2T0s2","subType":"00"}},"admin":false,"reviews":[{"$oid":"671d75afdb41e87c0ce7e737"}]},{"_id":{"$oid":"671d87b5f4fa23207ee99482"},"user_name":"Jakub","password":{"$binary":{"base64":"JDJiJDEyJFk0b2dlQ0VOV3A4ZGFLWi5jdm5EdE84YU9MMjVKb2JaTjI1cWMud2dKY2NpL096a1BMWk1P","subType":"00"}},"admin":false,"reviews":[{"$oid":"671d75afdb41e87c0ce7e734"}]},{"_id":{"$oid":"671d87b5f4fa23207ee99484"},"user_name":"Walid","password":{"$binary":{"base64":"JDJiJDEyJHhQOTdoN0Z3cUNOOG41aEVoR1dtai51NUVsblhCR05sT1JOazlld3JZLjQ3QkF4a09sZ3FH","subType":"00"}},"admin":false,"reviews":[{"$oid":"671d75afdb41e87c0ce7e735"}]},{"_id":{"$oid":"671d87b5f4fa23207ee99485"},"user_name":"Allyson","password":{"$binary":{"base64":"JDJiJDEyJG0zbWhHZUJjWTdJMVV0Z0lVWE1ZWi40ckZza0J5NXRpWWVlSlZENERibG02UTd4TVNUaGRh","subType":"00"}},"admin":false,"reviews":[{"$oid":"671d75afdb41e87c0ce7e738"}]},{"_id":{"$oid":"671d87b5f4fa23207ee99486"},"user_name":"Marine","password":{"$binary":{"base64":"JDJiJDEyJERvN292RmloYlBydDV5bVF1c2h5d2VURGRCb3puYkQvTzM3bzZtLmJYcVowYUVtNy5ZNWE2","subType":"00"}},"admin":false,"reviews":[{"$oid":"671d75afdb41e87c0ce7e739"}]},{"_id":{"$oid":"671d87b5f4fa23207ee9948e"},"user_name":"Jessica","password":{"$binary":{"base64":"JDJiJDEyJDM1TWU3YVh3Q1k4YlNiS2E3aldna3UvVmdxZzgzYzlEc2VOeWFwWDN2Y1FueFRvS2x4MmRl","subType":"00"}},"admin":false,"reviews":[{"$oid":"671d75afdb41e87c0ce7e746"}]},{"_id":{"$oid":"671d87b5f4fa23207ee99495"},"user_name":"Jordyn","password":{"$binary":{"base64":"JDJiJDEyJGdrMEtKZDlIbS4yMUxmMExhNlVDUU9nOXBpSWVYSXk5cndJNVhVZ2Zldm5vRUtVUndOS3RT","subType":"00"}},"admin":false,"reviews":[{"$oid":"671d75afdb41e87c0ce7e74d"}]},{"_id":{"$oid":"671d87b5f4fa23207ee99496"},"user_name":"Marina","password":{"$binary":{"base64":"JDJiJDEyJElVd2V2bHhlNW00cUo0a242Wm9zaS5SZDZBai9ibHpieHRiQWp3ejdQc0dXQW9kSUJsc2JH","subType":"00"}},"admin":false,"reviews":[{"$oid":"671d75afdb41e87c0ce7e73a"}]},{"_id":{"$oid":"671d87b5f4fa23207ee99497"},"user_name":"Marian","password":{"$binary":{"base64":"JDJiJDEyJFA0M1oyMGJMR0lVWmJNZmJOQ0pYUGVZdHYyWC9iTGw5N2QvQTRFNXRXdEgyVjZaUG13S2RX","subType":"00"}},"admin":false,"reviews":[{"$oid":"671d75afdb41e87c0ce7e74b"}]},{"_id":{"$oid":"671d87b5f4fa23207ee99498"},"user_name":"Sandra","password":{"$binary":{"base64":"JDJiJDEyJExMWHNTR3RCZXBkNi9TRXdFQnZhZ2VYQ216Vmh0bWlBQ3FWMW5RNnpoL1dYYmlmb04uVDQu","subType":"00"}},"admin":false,"reviews":[{"$oid":"671d75afdb41e87c0ce7e750"}]},{"_id":{"$oid":"671d87b5f4fa23207ee99494"},"user_name":"Eva","password":{"$binary":{"base64":"JDJiJDEyJFJ2UUsza3NHbFdTY1ZhWnBzVkk4bnU0eFRLUW1KRDJIL251WFpyeGhRa0xlRzYydGZFWUtx","subType":"00"}},"admin":false,"reviews":[{"$oid":"671d75afdb41e87c0ce7e74c"}]},{"_id":{"$oid":"671d87b5f4fa23207ee99499"},"user_name":"África Josefa","password":{"$binary":{"base64":"JDJiJDEyJFpMSmd5VGpaYkNzQzZnT1JSOTNTbWVSbFdkSzA1cFBYMENMR1ViYVh6Mzc5NVk1L3dyQ0xp","subType":"00"}},"admin":false,"reviews":[{"$oid":"671d75afdb41e87c0ce7e74f"}]},{"_id":{"$oid":"671d87b5f4fa23207ee9949a"},"user_name":"Lidwina","password":{"$binary":{"base64":"JDJiJDEyJFhiRld0dFlCY0NoZXMxVWlkVUtnZHVwc1pibTluYVBKOXJRbjE5Uk4wcGtTNnJ6OVlMZ3lh","subType":"00"}},"admin":false,"reviews":[{"$oid":"671d75afdb41e87c0ce7e74e"}]},{"_id":{"$oid":"671d87b5f4fa23207ee9949b"},"user_name":"Nicole","password":{"$binary":{"base64":"JDJiJDEyJEQyRGdwdEdzQU1EUzdVaDhwRzk0UHVrVGhjQnZmTThZcG41Ykgxd3RGUk80VHFOYjNjQmxP","subType":"00"}},"admin":false,"reviews":[{"$oid":"671d75afdb41e87c0ce7e742"}]},{"_id":{"$oid":"671d87b5f4fa23207ee9949d"},"user_name":"Coline","password":{"$binary":{"base64":"JDJiJDEyJFovS3NxZmNYb0M3ekpud2F0TGhtZy5JMTRnYU5wYlJDWmFUTFEySXFZallqUlRjOFpEcnBX","subType":"00"}},"admin":false,"reviews":[{"$oid":"671d75afdb41e87c0ce7e73c"}]},{"_id":{"$oid":"671d87b5f4fa23207ee9949c"},"user_name":"Tim","password":{"$binary":{"base64":"JDJiJDEyJDhIT0FMaHBCVVJxTk9iVUFXblJ5Si5mN1Vob09zelV3eXBvOGYyQ2hlVTNHZFh4OHhEMmsy","subType":"00"}},"admin":false,"reviews":[{"$oid":"671d75afdb41e87c0ce7e73b"}]},{"_id":{"$oid":"671d87b5f4fa23207ee9949e"},"user_name":"Jannie","password":{"$binary":{"base64":"JDJiJDEyJDFiZ3R3QjlmWTZSZWF6TTdDYTEzRi5NcG54SE9VejVSZDFvVi9tNUw0aEJSUnFZSDJHZEhD","subType":"00"}},"admin":false,"reviews":[{"$oid":"671d75afdb41e87c0ce7e752"}]},{"_id":{"$oid":"671d87b5f4fa23207ee9949f"},"user_name":"Natalie","password":{"$binary":{"base64":"JDJiJDEyJHVBVGQuNDd1VEttMmNhdS80ejVqR08zMWZNY3hyekx0ZXliWEF1VU9hNHdQbGhjMTMvV20u","subType":"00"}},"admin":false,"reviews":[{"$oid":"671d75afdb41e87c0ce7e744"}]},{"_id":{"$oid":"671d87b5f4fa23207ee994a0"},"user_name":"Gloria","password":{"$binary":{"base64":"JDJiJDEyJE12UFVsMTQzWDlBU3AxMXFNYVl5OU95Nm5Tdjh0eklSSkE1MG9iaDBFYUZpWjViMTBBaTZp","subType":"00"}},"admin":false,"reviews":[{"$oid":"671d75afdb41e87c0ce7e780"}]},{"_id":{"$oid":"671d87b5f4fa23207ee994a1"},"user_name":"Sophia","password":{"$binary":{"base64":"JDJiJDEyJEdITC5vV25GU0dnUWhzNlMxMTZEY2VqSktOYkpQWk1IeFkuMW5QUnpNZEhOcWRVMGZVSHd1","subType":"00"}},"admin":false,"reviews":[{"$oid":"671d75afdb41e87c0ce7e75f"}]},{"_id":{"$oid":"671d87b5f4fa23207ee9948f"},"user_name":"Tori","password":{"$binary":{"base64":"JDJiJDEyJFlIOU16L2tjdmcuUFJodVp6LnZBN2VSWjJtdVluVUlGYTNDLmVReVM3RG9weHMwU29sOWVl","subType":"00"}},"admin":false,"reviews":[{"$oid":"671d75afdb41e87c0ce7e747"}]},{"_id":{"$oid":"671d87b5f4fa23207ee994a4"},"user_name":"Vincent","password":{"$binary":{"base64":"JDJiJDEyJDlSUW1JWm5JRHZCd0J1VFRRSG9odmVmODdJTHBCMEY5cTBNa256alFMRmtBSEZmVUxha1JL","subType":"00"}},"admin":false,"reviews":[{"$oid":"671d75afdb41e87c0ce7e755"}]},{"_id":{"$oid":"671d87b5f4fa23207ee994a5"},"user_name":"Emilie","password":{"$binary":{"base64":"JDJiJDEyJGE2QXFoWEJhQjRWOUt6N3JUR2NaYi5uT3UxVi9UcHhYamVaVHVsWGw5SUJmYm9XOU1lbE9h","subType":"00"}},"admin":false,"reviews":[{"$oid":"671d75afdb41e87c0ce7e77e"},{"$oid":"671d75b0db41e87c0ce8bf15"}]},{"_id":{"$oid":"671d87b5f4fa23207ee99490"},"user_name":"Andy","password":{"$binary":{"base64":"JDJiJDEyJFdwUWRJVTRFVDlQWjBuVy9EMkJGTC5UVmtLT1g4Q2E2VUI5VWpQdFZhV2ZYUDh2ckc5TzND","subType":"00"}},"admin":false,"reviews":[{"$oid":"671d75afdb41e87c0ce7e749"}]},{"_id":{"$oid":"671d87b5f4fa23207ee994a3"},"user_name":"Liz","password":{"$binary":{"base64":"JDJiJDEyJGcxMDcva09GVnNtemhrbEp4ekd0Zi5HbmprQmNQUS96UDFtSUY4Q05nWlA1eDA4TGhxYnFh","subType":"00"}},"admin":false,"reviews":[{"$oid":"671d75afdb41e87c0ce7e754"}]},{"_id":{"$oid":"671d87b5f4fa23207ee994a6"},"user_name":"Molly","password":{"$binary":{"base64":"JDJiJDEyJGVxOC52b1RiejNoYjUvSjVOdkhVNS5uenB2LldNSzdzMjZWNGJDd0JnYk41Tncwa1hRL3BP","subType":"00"}},"admin":false,"reviews":[{"$oid":"671d75afdb41e87c0ce7e75a"}]},{"_id":{"$oid":"671d87b5f4fa23207ee994a7"},"user_name":"Tori","password":{"$binary":{"base64":"JDJiJDEyJEdFQjh4UTNwcFZrRWhQd0RHaHJ2L2VKbHNkUGhCR1owZlA0ODN2LzJDeERTLlR2SHZmYU5T","subType":"00"}},"admin":false,"reviews":[{"$oid":"671d75afdb41e87c0ce7e75c"}]},{"_id":{"$oid":"671d87b5f4fa23207ee994a8"},"user_name":"Katharina","password":{"$binary":{"base64":"JDJiJDEyJGg3OVdhazA1UkNrTVFyaDRWdG1TcnVBQXZiOC43dVU0eHZMRHpXUWVlaGdTSG55dHg0TjNL","subType":"00"}},"admin":false,"reviews":[{"$oid":"671d75afdb41e87c0ce7e75b"}]},{"_id":{"$oid":"671d87b5f4fa23207ee994a9"},"user_name":"Sam","password":{"$binary":{"base64":"JDJiJDEyJDJ0bUdXV2J1dUh6SjFaVGpxT1FzL3VGYnJFVEJVdTRVWTZLWEl1MzkwdWgzVmVPblR1aWhD","subType":"00"}},"admin":false,"reviews":[{"$oid":"671d75afdb41e87c0ce7e761"},{"$oid":"671d75b0db41e87c0ce87bed"}]},{"_id":{"$oid":"671d87b5f4fa23207ee994aa"},"user_name":"Domonkos","password":{"$binary":{"base64":"JDJiJDEyJC4uQ25qLk9oNXZOQWpDZlZHZTJKci50ellGL1FOOXMzU3o1MThlRnRwTHFFYmNEWGV4cDcy","subType":"00"}},"admin":false,"reviews":[{"$oid":"671d75afdb41e87c0ce7e781"}]},{"_id":{"$oid":"671d87b5f4fa23207ee994ab"},"user_name":"Marvin","password":{"$binary":{"base64":"JDJiJDEyJDhJZ3dNcC50OHZjd00xZXVZck96V2UzNFhTSXF0RFhURHN6UnU3WS9aaHFqeTFIVkltSC5H","subType":"00"}},"admin":false,"reviews":[{"$oid":"671d75afdb41e87c0ce7e75d"}]},{"_id":{"$oid":"671d87b5f4fa23207ee994ac"},"user_name":"Anne-Charlotte","password":{"$binary":{"base64":"JDJiJDEyJDBSMlVIU0ZRL1J6TFEucU81dlJaVk9qMTRrd0JrRkNGWFBnZ3NpeVF5SmVHYkVaS2lqUUFl","subType":"00"}},"admin":false,"reviews":[{"$oid":"671d75afdb41e87c0ce7e765"}]},{"_id":{"$oid":"671d87b5f4fa23207ee994ad"},"user_name":"Glenn","password":{"$binary":{"base64":"JDJiJDEyJGNxTkxiTXR4WEhVMWNMLmZuYkZjenVta2Ewd3FLUjUuVS5laGwwZzkwcDR1V0Jmem1haXRL","subType":"00"}},"admin":false,"reviews":[{"$oid":"671d75afdb41e87c0ce7e77a"},{"$oid":"671d75b0db41e87c0ce87890"}]},{"_id":{"$oid":"671d87b5f4fa23207ee994ae"},"user_name":"Fanny","password":{"$binary":{"base64":"JDJiJDEyJHhFWXlINUFjSmFoYUljS1VPdWRwV09qT0FoUnV1QUtkQVJUc3pJWC9tRWVWOTNTUWxoM1lp","subType":"00"}},"admin":false,"reviews":[{"$oid":"671d75afdb41e87c0ce7e77f"}]},{"_id":{"$oid":"671d87b5f4fa23207ee9948d"},"user_name":"Hollie","password":{"$binary":{"base64":"JDJiJDEyJG1UVFouRkVNLmlGN1EyR3dVakEybmV4SC4yLzJsVS8vV0NWbkpueWVUYVA5WE9rTDMxRDhL","subType":"00"}},"admin":false,"reviews":[{"$oid":"671d75afdb41e87c0ce7e756"}]},{"_id":{"$oid":"671d87b5f4fa23207ee994a2"},"user_name":"Raven","password":{"$binary":{"base64":"JDJiJDEyJEFpRjkxQmJYVEx4SUg0VE9aMWEuNGVyUHMvd0NFSHlKWUVObXJXRmRvbGs0VXhQWi9VWXRx","subType":"00"}},"admin":false,"reviews":[{"$oid":"671d75afdb41e87c0ce7e751"}]},{"_id":{"$oid":"671d87b5f4fa23207ee99492"},"user_name":"Laurence","password":{"$binary":{"base64":"JDJiJDEyJDEvQXZaZFI2RnR4S3FDZTc4NGM2ay5rdk0uallDWGQySWlyNXk2aElrOW5UTTEydERzRFdH","subType":"00"}},"admin":false,"reviews":[{"$oid":"671d75afdb41e87c0ce7e75e"}]},{"_id":{"$oid":"671d87b5f4fa23207ee99491"},"user_name":"Marie","password":{"$binary":{"base64":"JDJiJDEyJHY1M29ZNS5WTlQ3ZG40M0VHb2xpQ2UvR1I5aTZZd2cudkpPVDJEeExaVUpCUlFzV1E4N1lt","subType":"00"}},"admin":false,"reviews":[{"$oid":"671d75afdb41e87c0ce7e748"}]},{"_id":{"$oid":"671d87b5f4fa23207ee99493"},"user_name":"Chiara","password":{"$binary":{"base64":"JDJiJDEyJHJVZzJvbUtkblNFdHRDYVVjT2NRTHVpYm1TYjF5VW5TZkNJSzBBQ2RqaG9meC9uVExSLzRH","subType":"00"}},"admin":false,"reviews":[{"$oid":"671d75afdb41e87c0ce7e74a"}]},{"_id":{"$oid":"671d87b5f4fa23207ee994b2"},"user_name":"Liezl","password":{"$binary":{"base64":"JDJiJDEyJHNnVmdNLkpPNDRseElSc0QzOWFwNy43c0dEUnZTc0lSU1liZ0lDeFlFNC56NGo3UDZrR2h1","subType":"00"}},"admin":false,"reviews":[{"$oid":"671d75afdb41e87c0ce7e77d"}]},{"_id":{"$oid":"671d87b5f4fa23207ee994b7"},"user_name":"Cliff","password":{"$binary":{"base64":"JDJiJDEyJHFXS2lhZGcwVmdDTmtJTUtXTjU0Uy5uS1pMZURKWFhnanA4djA5M3FrcGdwYk1QaUgzS1E2","subType":"00"}},"admin":false,"reviews":[{"$oid":"671d75afdb41e87c0ce7e76f"}]},{"_id":{"$oid":"671d87b5f4fa23207ee994b8"},"user_name":"Arielle","password":{"$binary":{"base64":"JDJiJDEyJFJBaG8ua05QNlJOdzJJQlFKWG1vOE9HSGoyalIwdEVMWjNrSE5TQ2E2clNWcEtMMzh5U2xD","subType":"00"}},"admin":false,"reviews":[{"$oid":"671d75afdb41e87c0ce7e770"}]},{"_id":{"$oid":"671d87b5f4fa23207ee994b6"},"user_name":"Sasha","password":{"$binary":{"base64":"JDJiJDEyJHN5SzNHUGhpNzEvZTlnd1EvSFJaLk9mUTAvam9LVEprSkVFRnVaUzZiOUs0RDkyT2RWVUNt","subType":"00"}},"admin":false,"reviews":[{"$oid":"671d75afdb41e87c0ce7e76d"}]},{"_id":{"$oid":"671d87b5f4fa23207ee994b9"},"user_name":"Gena","password":{"$binary":{"base64":"JDJiJDEyJGpJSURYRmxJQlAvNG11cWVKWUI2L2VCeTA0bFN2SWxkVnNjL3ZsQjNQL1phYjJVaFFjSXRt","subType":"00"}},"admin":false,"reviews":[{"$oid":"671d75afdb41e87c0ce7e767"}]},{"_id":{"$oid":"671d87b5f4fa23207ee994bb"},"user_name":"Andreı","password":{"$binary":{"base64":"JDJiJDEyJGhRNkJvLlcvNXhOdi9aNnRGVFJ6MXVwQXFlZ0ZmZW0xcGRITUwzdGdSeU0yYktKaVU5MVRh","subType":"00"}},"admin":false,"reviews":[{"$oid":"671d75afdb41e87c0ce7e773"}]},{"_id":{"$oid":"671d87b5f4fa23207ee994ba"},"user_name":"Nicole Laurraine","password":{"$binary":{"base64":"JDJiJDEyJEZRRDVidjJuM0o5V2loSVMvV014ZU94ZXVOUEJUL2VZQXp2MnIzaVdwTzV6VVdjckthcXJ1","subType":"00"}},"admin":false,"reviews":[{"$oid":"671d75afdb41e87c0ce7e772"}]},{"_id":{"$oid":"671d87b5f4fa23207ee994bc"},"user_name":"Dina","password":{"$binary":{"base64":"JDJiJDEyJEsxTDVxVS5NU2Nhc0ljVXhQbkp3TU9CYTRHblZOUmJ6T2c2a3ZWR2hQNk0wVVBqUGdNdWUy","subType":"00"}},"admin":false,"reviews":[{"$oid":"671d75afdb41e87c0ce7e774"}]},{"_id":{"$oid":"671d87b5f4fa23207ee994bd"},"user_name":"Elisabeth","password":{"$binary":{"base64":"JDJiJDEyJHVUMUNzcC9na1VYcG9ZNGRHQlFZRHVDeVVid3hFdm1iVzhBWk1qYTlrMFBPS1Z4bEo0S1Au","subType":"00"}},"admin":false,"reviews":[{"$oid":"671d75afdb41e87c0ce7e775"}]},{"_id":{"$oid":"671d87b5f4fa23207ee994be"},"user_name":"Carmen","password":{"$binary":{"base64":"JDJiJDEyJEY2dE8yYk1rT0R5MjdwY3dOWXNXcmVhRzl4QjZuVjFuU0RlMW5icG53bi5HSzNKSG1ZdnV1","subType":"00"}},"admin":false,"reviews":[{"$oid":"671d75afdb41e87c0ce7e776"},{"$oid":"671d75afdb41e87c0ce8241f"}]},{"_id":{"$oid":"671d87b5f4fa23207ee994bf"},"user_name":"Natalia","password":{"$binary":{"base64":"JDJiJDEyJFNnSDhCbFVWcXdnMmdpT1R0ZFVhRWVIUUJOS2N4UEo1OUNHOHBsQ3Z2dkc3azcwNVJjUzEu","subType":"00"}},"admin":false,"reviews":[{"$oid":"671d75afdb41e87c0ce7e766"}]},{"_id":{"$oid":"671d87b5f4fa23207ee994c0"},"user_name":"Günter","password":{"$binary":{"base64":"JDJiJDEyJGxqSTRNc3pSeDFYS21UZXlTT0w4RmVaNHo5OTdVTE1KcllkcEpnQlBBUGZOaTN1ejBZUnFX","subType":"00"}},"admin":false,"reviews":[{"$oid":"671d75afdb41e87c0ce7e762"}]},{"_id":{"$oid":"671d87b5f4fa23207ee994c1"},"user_name":"Michael","password":{"$binary":{"base64":"JDJiJDEyJElHdkdmdExMQm1rc0xoUXF5dzFjTS5mSU9sU3l0UHFwNmI3SldYM3kvL1d6eVFhY1UwUFI2","subType":"00"}},"admin":false,"reviews":[{"$oid":"671d75afdb41e87c0ce7e763"}]},{"_id":{"$oid":"671d87b5f4fa23207ee994b3"},"user_name":"Anna","password":{"$binary":{"base64":"JDJiJDEyJEtyZzNHOG1oNG8xZW4vcElDc2dmTk9pTHVBL1J4WjJIcmNldWNYVko5am9DTU0wY045UEE2","subType":"00"}},"admin":false,"reviews":[{"$oid":"671d75afdb41e87c0ce7e76b"}]},{"_id":{"$oid":"671d87b5f4fa23207ee994c4"},"user_name":"YoungSin","password":{"$binary":{"base64":"JDJiJDEyJDEwWFdJLm4ubHR4M2ZteWk0ZDhQQ3V3VUloakQ3dzJJVm05M2U4cFY5RXAxQ0dPbkF0ZmxH","subType":"00"}},"admin":false,"reviews":[{"$oid":"671d75afdb41e87c0ce7e760"}]},{"_id":{"$oid":"671d87b5f4fa23207ee994b4"},"user_name":"Jess","password":{"$binary":{"base64":"JDJiJDEyJFZ2Z3VxVlVvMWFKT05ka3BCVDYxSHVuWjU0WktXcDFmTklXRHE3UGhNUWtINTFnUGpTWEhD","subType":"00"}},"admin":false,"reviews":[{"$oid":"671d75afdb41e87c0ce7e76c"}]},{"_id":{"$oid":"671d87b5f4fa23207ee994b5"},"user_name":"Elizabeth","password":{"$binary":{"base64":"JDJiJDEyJHNOQng4MmkzU3NpRGFiTVUuUzlQRi50elpJdWFvWFZ1Tjd4Y3RsLm5uZGdtOWdxSThrWExP","subType":"00"}},"admin":false,"reviews":[{"$oid":"671d75afdb41e87c0ce7e76e"}]},{"_id":{"$oid":"671d87b5f4fa23207ee994b1"},"user_name":"Alisa","password":{"$binary":{"base64":"JDJiJDEyJG9OTjVjVVdDNkpiMUxKUXBwcXQ0ZWV0SmxHWS9lWnM4MC95RC8ubU9rallndGdEN1o2SzUy","subType":"00"}},"admin":false,"reviews":[{"$oid":"671d75afdb41e87c0ce7e769"}]},{"_id":{"$oid":"671d87b5f4fa23207ee994af"},"user_name":"Heidi","password":{"$binary":{"base64":"JDJiJDEyJE1sc083eUllaHB0V3FsRGozd0NDUk90U1Y3WWtDRjBsVzdscFNOUmV0TzQwc1pvV000VTR5","subType":"00"}},"admin":false,"reviews":[{"$oid":"671d75afdb41e87c0ce7e76a"}]},{"_id":{"$oid":"671d87b5f4fa23207ee994b0"},"user_name":"Dunja","password":{"$binary":{"base64":"JDJiJDEyJHo3a2hQOWp6SVgua0IxL2hUYzRmWS5palZPRWxsMlhVZG1zMC9yeTdJTVFzbXFNWkpYSlBL","subType":"00"}},"admin":false,"reviews":[{"$oid":"671d75afdb41e87c0ce7e768"}]},{"_id":{"$oid":"671d87b5f4fa23207ee994c2"},"user_name":"Heather","password":{"$binary":{"base64":"JDJiJDEyJHRtLndqVXd4OUdDZ0daTi5TblFWU2VsOWkwUElHZzZ4elN2WWFyL0g1NzRCanlKbFd4c3Rh","subType":"00"}},"admin":false,"reviews":[{"$oid":"671d75afdb41e87c0ce7e771"}]},{"_id":{"$oid":"671d87b5f4fa23207ee994c3"},"user_name":"Zosia","password":{"$binary":{"base64":"JDJiJDEyJHJvekdCM2h3aEQxeXlyUDFyNXJQT3U5UXFmWHVGMjMvVGV3MVpEazFBbGlsRE1UN3RzNzdH","subType":"00"}},"admin":false,"reviews":[{"$oid":"671d75afdb41e87c0ce7e764"}]},{"_id":{"$oid":"671d87b5f4fa23207ee994c5"},"user_name":"Jaquelina","password":{"$binary":{"base64":"JDJiJDEyJGJiSUkwNnpwbHhyYXVzT1N0Zm1tTmVSVjk0QXBiM1RqRm9QTGV1WG90OXlxblNsSWRiSmZ5","subType":"00"}},"admin":false,"reviews":[{"$oid":"671d75afdb41e87c0ce7e7a2"}]},{"_id":{"$oid":"671d87b5f4fa23207ee994cd"},"user_name":"Joseph","password":{"$binary":{"base64":"JDJiJDEyJEJQMVNyQVNMVExTZHJTL3NZOWM5Q2VZL0xpdUJLZmRYQ0JlNzdZN0diV3hBVnZZRW5WbWku","subType":"00"}},"admin":false,"reviews":[{"$oid":"671d75afdb41e87c0ce7e784"}]},{"_id":{"$oid":"671d87b5f4fa23207ee994ce"},"user_name":"Peter","password":{"$binary":{"base64":"JDJiJDEyJDFhT3lZTFdNQ205NVFjMS9jMDl5dWVzaHJ5dGJiSkhFeDh5R1RJeDBCQXlIZ3ZsdHpHTFVP","subType":"00"}},"admin":false,"reviews":[{"$oid":"671d75afdb41e87c0ce7e7ac"}]},{"_id":{"$oid":"671d87b5f4fa23207ee994cf"},"user_name":"Robin","password":{"$binary":{"base64":"JDJiJDEyJEZlWUZaYnFkcXZOdDh6a21Rb2JmQU84bklCVTg4Wk9YZmpqUXRtVm1jRWRXYW9ZRTRoVEph","subType":"00"}},"admin":false,"reviews":[{"$oid":"671d75afdb41e87c0ce7e785"}]},{"_id":{"$oid":"671d87b5f4fa23207ee994d0"},"user_name":"Annika","password":{"$binary":{"base64":"JDJiJDEyJDFYTm16NS80bFJOMnd1UFMxc052eWVxcENNMGc3SjNHRHJESzlsSHBGeTMuZXJ2cVE5TVBl","subType":"00"}},"admin":false,"reviews":[{"$oid":"671d75afdb41e87c0ce7e7bd"}]},{"_id":{"$oid":"671d87b5f4fa23207ee994cc"},"user_name":"Setumo","password":{"$binary":{"base64":"JDJiJDEyJDFyalVHRm5yNjFaWVQ2QW9OVGlVVi5adVFMb2RSMkdXNjBTaHpZcmlxci8vN0RNWVV2RC5l","subType":"00"}},"admin":false,"reviews":[{"$oid":"671d75afdb41e87c0ce7e783"}]},{"_id":{"$oid":"671d87b5f4fa23207ee994d1"},"user_name":"Martina","password":{"$binary":{"base64":"JDJiJDEyJEVUSHBGYlRmRy5teGZHaHpvYnYvcXVremlDdUZwMkFzUm5SVlFsd0R0OGZJaGpKZVI0SUVH","subType":"00"}},"admin":false,"reviews":[{"$oid":"671d75afdb41e87c0ce7e79c"}]},{"_id":{"$oid":"671d87b5f4fa23207ee994d2"},"user_name":"Christian","password":{"$binary":{"base64":"JDJiJDEyJGJkTmVWZXQxYUMvQXl6czlEdi5sLi54M3FNMXRRMUdHRHVSSzhZbFVQa2o1dzdBOEZHa095","subType":"00"}},"admin":false,"reviews":[{"$oid":"671d75afdb41e87c0ce7e786"}]},{"_id":{"$oid":"671d87b5f4fa23207ee994d3"},"user_name":"Sara","password":{"$binary":{"base64":"JDJiJDEyJFZUOGd0bG1pOGVSMkUwZmxaTTI2cE84T0dLOGhIWGt0bEtwNThMdzd0ZE9zOHRoOFpYRmxH","subType":"00"}},"admin":false,"reviews":[{"$oid":"671d75afdb41e87c0ce7e78b"}]},{"_id":{"$oid":"671d87b5f4fa23207ee994d4"},"user_name":"Tim","password":{"$binary":{"base64":"JDJiJDEyJHpEaDF3MkNkMEVGcjFuc0VtbERSdS5mREl0THdFMVFlOVQ3OXBrYmFpd1k1MC5QeDlvTEdP","subType":"00"}},"admin":false,"reviews":[{"$oid":"671d75afdb41e87c0ce7e78d"}]},{"_id":{"$oid":"671d87b5f4fa23207ee994d5"},"user_name":"Velat","password":{"$binary":{"base64":"JDJiJDEyJFNVZkhDYjl6a2NrSUk5akZpVVhiT3VLLnpQeG8wSHBkdHoxbnhWZFZ0YXBQSmp2NFVUN2E2","subType":"00"}},"admin":false,"reviews":[{"$oid":"671d75afdb41e87c0ce7e78a"}]},{"_id":{"$oid":"671d87b5f4fa23207ee994d6"},"user_name":"Isabel","password":{"$binary":{"base64":"JDJiJDEyJEkwNWJ4eDhzU3ExeGRmVjRNdm0uVS4uampvRExrQW4xMVRoUk9LdnVaeGJFYXRmNDVYQWpX","subType":"00"}},"admin":false,"reviews":[{"$oid":"671d75afdb41e87c0ce7e78e"}]},{"_id":{"$oid":"671d87b5f4fa23207ee994d7"},"user_name":"Isa","password":{"$binary":{"base64":"JDJiJDEyJG9KNDNJR0ZpNFd1V0swVjJZMUsxSE9PMENsbnVyck1taFR5c3JBeFBqZm90MmgzcUpPbC9P","subType":"00"}},"admin":false,"reviews":[{"$oid":"671d75afdb41e87c0ce7e790"}]},{"_id":{"$oid":"671d87b5f4fa23207ee994d8"},"user_name":"Claire","password":{"$binary":{"base64":"JDJiJDEyJFRSd0RhNHFzeUdxMzBMTjVTMFM4M09BZGlnMVd0S1J5bGJvT1lRYkttMTBYbFFKejY0TGVH","subType":"00"}},"admin":false,"reviews":[{"$oid":"671d75afdb41e87c0ce7e78f"}]},{"_id":{"$oid":"671d87b5f4fa23207ee994c9"},"user_name":"Mel","password":{"$binary":{"base64":"JDJiJDEyJEJSYXhPVEdNeHN1Rk9JcnJ2R2JyMnVpeGZaT2FYYnBLVXlscXludVhjbXZMcUFGUjVxZW9p","subType":"00"}},"admin":false,"reviews":[{"$oid":"671d75afdb41e87c0ce7e77b"}]},{"_id":{"$oid":"671d87b5f4fa23207ee994db"},"user_name":"Rachel","password":{"$binary":{"base64":"JDJiJDEyJFU4eThiVlRCUmxmdUJPRUVmaFJuTS4zRzRCcVZWYnZ5NjgwV0huZHNwSFpFSERuUnFrbWdh","subType":"00"}},"admin":false,"reviews":[{"$oid":"671d75afdb41e87c0ce7e793"}]},{"_id":{"$oid":"671d87b5f4fa23207ee994dc"},"user_name":"Linda","password":{"$binary":{"base64":"JDJiJDEyJFlrWHF2NnV3WlBVWlZNOEZHMWlrRU9ScXpicmVBT0xQc2wwN3B3cHNoV3dhWEk2cFVTMEhl","subType":"00"}},"admin":false,"reviews":[{"$oid":"671d75afdb41e87c0ce7e794"}]},{"_id":{"$oid":"671d87b5f4fa23207ee994dd"},"user_name":"Matheus","password":{"$binary":{"base64":"JDJiJDEyJGx4YS80M2I5ZkMwRTNrYnlrdmZWUGVDNGdJVW9NZXNPOXFxVUp3Zk1TRTlZVVFlajBDcjR5","subType":"00"}},"admin":false,"reviews":[{"$oid":"671d75afdb41e87c0ce7e79b"}]},{"_id":{"$oid":"671d87b5f4fa23207ee994ca"},"user_name":"Albert-Jan","password":{"$binary":{"base64":"JDJiJDEyJEovbmhaYnE5VE9sMm85eGFjaEQzYXVzQi52dnhWeUhJaTlKWXI2UEMyNmlVRTlvc2RpWXJ5","subType":"00"}},"admin":false,"reviews":[{"$oid":"671d75afdb41e87c0ce7e77c"}]},{"_id":{"$oid":"671d87b5f4fa23207ee994cb"},"user_name":"Hector Enrique","password":{"$binary":{"base64":"JDJiJDEyJFkwZElqSlRLNlZCaVFSNWpWWnNUYnUuWFlFbVBzWlFvaEV3aEdjNC9tcWhvWUcuLmtqa2lX","subType":"00"}},"admin":false,"reviews":[{"$oid":"671d75afdb41e87c0ce7e782"}]},{"_id":{"$oid":"671d87b5f4fa23207ee994c8"},"user_name":"Rob","password":{"$binary":{"base64":"JDJiJDEyJGE0WDVwNS9IRFF6MVViL3J3VlJnTE9WbWNDZFZWS05QYUsudUF3Wi5VTVpCOTVoc0MyWnp1","subType":"00"}},"admin":false,"reviews":[{"$oid":"671d75afdb41e87c0ce7e779"}]},{"_id":{"$oid":"671d87b5f4fa23207ee994c7"},"user_name":"Maciej","password":{"$binary":{"base64":"JDJiJDEyJGdEVWc1UjFZMlNETkZrTmZmc3ZwNXVWTktmQXJDTGNEWHVzRTdkMnBwZ25qSEhaMjl3U0U2","subType":"00"}},"admin":false,"reviews":[{"$oid":"671d75afdb41e87c0ce7e778"}]},{"_id":{"$oid":"671d87b5f4fa23207ee994d9"},"user_name":"Maria","password":{"$binary":{"base64":"JDJiJDEyJFdhcjlhMlVDTlBOV05XazNHcE1ER3VpQWozQ3BJT2JkOVVzOEkxT3Y1WFkxTVByYk0wZ3Vh","subType":"00"}},"admin":false,"reviews":[{"$oid":"671d75afdb41e87c0ce7e791"}]},{"_id":{"$oid":"671d87b5f4fa23207ee994da"},"user_name":"Ricardo","password":{"$binary":{"base64":"JDJiJDEyJC5SY1lqMmh5UWdYT2dHY0RZcVN2WS5sM1NjQzAudDl6VEMzR2lIcDRaT3FsaDhPNVZmYlpP","subType":"00"}},"admin":false,"reviews":[{"$oid":"671d75afdb41e87c0ce7e792"}]},{"_id":{"$oid":"671d87b5f4fa23207ee994c6"},"user_name":"Valerie","password":{"$binary":{"base64":"JDJiJDEyJE9wNVkwbXNGVzlOSWFpMmdmVzdMNXUvRHRheHAyaDdETjdrWDR2eHo1ZXdlLkdpQ0dsZC9p","subType":"00"}},"admin":false,"reviews":[{"$oid":"671d75afdb41e87c0ce7e777"}]},{"_id":{"$oid":"671d87b5f4fa23207ee994de"},"user_name":"Mario","password":{"$binary":{"base64":"JDJiJDEyJFJVRy82aHBMcUV2V0xNQkpYWndDbU9qREdna3FqL1EudmNITDFZU0Q0SlMvNUNmRWNVU0Ft","subType":"00"}},"admin":false,"reviews":[{"$oid":"671d75afdb41e87c0ce7e795"}]},{"_id":{"$oid":"671d87b5f4fa23207ee994df"},"user_name":"Emmy","password":{"$binary":{"base64":"JDJiJDEyJHZ3aDN3L3dueVZROFBwdVJCbXlPUXVZNXZrMXp6SFpvRW5hTFZKZVB2SkhwQlBYc1cwQzU2","subType":"00"}},"admin":false,"reviews":[{"$oid":"671d75afdb41e87c0ce7e787"}]},{"_id":{"$oid":"671d87b5f4fa23207ee994e0"},"user_name":"Crystal","password":{"$binary":{"base64":"JDJiJDEyJGpYLjY3aXhTVmxKTU92Zy9BcFZHc3VaaXZmR3VoQTRnSHlmVWwuN2xRRmtoOXRBL2xYcnVh","subType":"00"}},"admin":false,"reviews":[{"$oid":"671d75afdb41e87c0ce7e78c"}]},{"_id":{"$oid":"671d87b5f4fa23207ee994e1"},"user_name":"Daniel","password":{"$binary":{"base64":"JDJiJDEyJEl3b3NZMmxoTUkxaWw1M3BWWG40ZHVELkxBN1NMS1Byc2pvdkpOSFFjaFR3cmwwc0E5Vmhx","subType":"00"}},"admin":false,"reviews":[{"$oid":"671d75afdb41e87c0ce7e7ab"}]},{"_id":{"$oid":"671d87b5f4fa23207ee994e2"},"user_name":"Christine","password":{"$binary":{"base64":"JDJiJDEyJGZIeU5lM0sxY0hMUUtWMXhDSVdUcy5YVGlzQU5zYVZpaU10a1p1N2xCTUVqVHJMZ0Q3T0t5","subType":"00"}},"admin":false,"reviews":[{"$oid":"671d75afdb41e87c0ce7e79e"}]},{"_id":{"$oid":"671d87b5f4fa23207ee994e3"},"user_name":"Annika","password":{"$binary":{"base64":"JDJiJDEyJDdnSXhqYmR3RkRYS1ZiZnJTRDE3Nk9hSG1jbEV5eHJGVzVabWhRZjE0OWZUeWpLQ1FSbXNP","subType":"00"}},"admin":false,"reviews":[{"$oid":"671d75afdb41e87c0ce7e798"}]},{"_id":{"$oid":"671d87b5f4fa23207ee994e4"},"user_name":"Susan","password":{"$binary":{"base64":"JDJiJDEyJEpJem1RcFVNTlA4THozL2JuY0YxVC5BLzkxLllJQnpOWWFRbnV4TEx1OE9KQWZmdmlyZXQu","subType":"00"}},"admin":false,"reviews":[{"$oid":"671d75afdb41e87c0ce7e79d"}]},{"_id":{"$oid":"671d87b5f4fa23207ee994e5"},"user_name":"Hans Peter & Isabel","password":{"$binary":{"base64":"JDJiJDEyJGNOUHJLRjZ1MlM2bmgzY0o4alBVU09PQnVhYXFFNVdjeVRUdS5md1VMei5ybmpVVXNQalJT","subType":"00"}},"admin":false,"reviews":[{"$oid":"671d75afdb41e87c0ce7e788"}]},{"_id":{"$oid":"671d87b5f4fa23207ee994e6"},"user_name":"Aoife","password":{"$binary":{"base64":"JDJiJDEyJEg0YVpRRnJIcWgvOHZRU0RPY3I1MU9LZERyd1IzZlVSazFZS1VGQkQxNDdtWVJ1Z0c2YkpH","subType":"00"}},"admin":false,"reviews":[{"$oid":"671d75afdb41e87c0ce7e796"}]}]
